uf,ano,t_infecciosas,t_neoplasias,t_sangue,t_endocrinas,t_nervoso,t_olho,t_ouvido,t_cardiovascular,t_respiratorio,t_digestivo,t_pele,t_osteomuscular,t_genitourinario,t_malformacoes,t_causas_externas,t_influencia,t_comunicaveis,t_nao_comunicaveis,t_malaria,t_cancer_mama,t_cancer_colo_do_utero,t_srag,t_total
AC,2006,416,584,40,344,74,0,2,1202,676,282,10,24,96,76,728,0,852,3076,14,0,0,0,8496
AC,2007,390,640,62,360,72,0,0,1236,686,296,10,20,78,126,724,0,864,3230,10,0,0,0,8804
AC,2008,370,662,32,384,98,0,2,1314,526,296,8,22,110,106,714,0,752,3228,18,0,0,0,8642
AC,2009,314,680,30,346,120,0,4,1338,672,286,4,16,116,96,774,0,716,3324,12,0,2,0,8850
AC,2010,376,662,36,372,100,0,0,1204,626,348,4,20,144,76,880,0,770,3284,4,0,0,0,8906
AC,2011,336,764,32,466,86,0,0,1458,788,318,10,20,184,84,994,0,690,3794,4,0,0,0,10028
AC,2012,358,944,44,428,116,0,0,1350,820,280,14,34,154,100,1058,0,772,3770,0,0,0,0,10242
AC,2013,330,948,58,438,130,0,4,1430,850,296,12,22,192,108,1044,0,776,4024,10,0,0,0,10672
AC,2014,386,1004,54,532,114,0,2,1536,988,326,6,24,176,122,1102,0,890,4344,2,0,0,0,11608
AC,2015,358,1002,50,458,132,0,0,1716,938,310,24,28,154,136,1010,0,904,4404,4,0,0,0,11628
AC,2016,414,1036,48,444,138,0,0,1688,1122,340,22,22,154,136,1324,0,900,4552,4,0,0,0,12344
AC,2017,348,1154,52,488,124,0,0,1736,1002,350,24,44,140,96,1640,0,826,4762,4,0,0,0,12790
AC,2018,404,1178,60,594,178,2,0,1848,1102,388,12,26,242,122,1386,0,1024,5102,0,0,2,0,13670
AC,2019,404,1066,80,472,142,0,0,1912,1314,368,12,28,214,122,1242,0,998,5054,2,0,0,0,13430
AM,2006,1400,3016,122,948,278,0,2,3840,1810,938,48,96,378,544,3264,0,2968,10844,28,0,0,0,30524
AM,2007,1436,3446,126,1054,236,0,0,3932,1912,1132,72,78,424,546,3320,0,2936,11766,42,0,0,0,32458
AM,2008,1492,3540,126,1274,354,0,4,4632,2098,1100,52,84,450,534,3878,0,3004,12902,24,4,0,0,35552
AM,2009,1608,3626,112,1394,310,0,6,4394,2186,1076,70,132,490,552,3942,0,3238,13002,16,0,0,0,36154
AM,2010,1610,3724,144,1526,328,0,12,4722,2142,1086,48,126,390,568,4490,0,3106,13468,14,0,0,0,37504
AM,2011,1668,4216,194,1670,334,0,4,5012,2282,1190,62,122,432,552,5034,0,3210,14702,6,2,2,0,40694
AM,2012,1620,4612,114,1740,438,0,10,5168,2280,1168,36,104,498,640,5282,0,3136,15328,26,0,0,0,42200
AM,2013,1848,4634,158,1908,464,2,4,5346,2458,1212,30,102,488,662,5178,0,3538,15870,10,0,2,0,43914
AM,2014,1958,4880,96,1922,512,2,6,5906,2738,1216,34,134,600,650,5404,0,3864,16844,10,0,0,0,46776
AM,2015,1906,4930,162,2028,504,0,8,6150,2924,1358,68,160,710,616,5922,0,3804,17636,12,2,2,0,48902
AM,2016,2242,5088,194,2090,518,0,2,6244,2798,1390,52,156,684,528,5608,0,4322,17806,10,6,0,0,49738
AM,2017,1956,5214,148,2292,524,0,4,6194,2934,1352,104,212,804,570,5966,0,4108,18384,10,2,0,0,50778
AM,2018,1904,5544,186,2708,636,0,4,6310,2984,1424,76,166,790,584,5812,0,4140,19456,22,14,2,0,52762
AM,2019,1932,5374,198,2680,702,0,8,6644,3092,1568,92,162,862,702,6030,0,4150,20024,12,12,0,0,54244
AP,2006,160,366,4,98,22,2,2,452,170,122,8,12,52,92,882,0,716,1286,10,0,0,0,4456
AP,2007,180,380,18,114,16,2,0,548,200,128,10,6,42,56,808,0,746,1366,6,2,0,0,4628
AP,2008,234,376,24,152,34,0,2,678,376,166,4,16,58,82,860,0,812,1700,4,0,0,0,5578
AP,2009,236,376,14,218,52,0,2,730,340,190,6,8,40,66,834,0,802,1774,4,0,0,0,5692
AP,2010,238,380,18,186,58,2,0,702,400,150,6,12,46,52,992,0,796,1672,2,0,0,0,5712
AP,2011,290,558,30,254,70,2,6,984,420,246,18,18,72,86,968,0,846,2470,4,0,0,0,7342
AP,2012,246,700,34,298,60,0,0,890,434,252,20,10,100,100,1058,0,740,2594,8,0,0,0,7544
AP,2013,292,650,26,300,116,0,2,940,518,224,16,14,112,88,1076,0,884,2654,8,0,0,0,7920
AP,2014,322,718,22,378,96,4,0,1146,538,232,6,26,142,126,1100,0,850,3042,4,0,0,0,8752
AP,2015,332,756,18,352,98,0,2,1150,526,262,16,16,138,100,1098,0,828,3030,8,0,0,0,8730
AP,2016,330,794,20,354,144,0,0,1186,570,246,32,24,104,110,1192,0,850,3180,4,0,0,0,9140
AP,2017,332,802,24,404,100,0,4,1254,668,270,24,26,130,136,1262,0,868,3378,2,2,0,0,9686
AP,2018,338,816,32,436,146,0,2,1388,684,342,18,22,172,140,1302,0,862,3734,4,0,2,0,10440
AP,2019,372,940,32,428,162,0,2,1438,840,322,20,20,202,144,1286,0,840,4006,2,0,0,0,11056
MA,2006,2210,3648,212,2506,478,2,4,11146,2230,1834,74,92,560,502,4674,0,4506,21844,4,6,12,0,56544
MA,2007,1988,4010,242,3050,458,0,4,11970,2412,1968,84,94,528,660,5380,0,4446,23932,8,4,2,0,61240
MA,2008,2132,4300,258,3158,630,2,2,12938,2516,2124,76,110,600,576,6048,0,4566,25658,4,6,8,0,65712
MA,2009,2194,4692,210,3422,560,4,4,13284,2704,2134,76,136,656,552,6324,0,4670,26726,2,4,4,0,68358
MA,2010,2024,5002,230,3466,644,0,2,13340,2760,2134,74,136,660,528,6754,0,4394,27336,2,4,8,0,69498
MA,2011,2388,5368,258,4020,688,2,14,14988,3374,2520,80,130,830,714,7226,0,4746,30890,0,2,0,0,78238
MA,2012,2150,5562,222,3790,698,0,6,14990,3366,2518,112,128,770,528,7940,0,4270,30436,0,6,2,0,77494
MA,2013,2592,6034,262,3744,748,0,4,15638,4006,2734,96,126,768,574,8756,0,5086,31976,0,12,10,0,83166
MA,2014,2372,6288,248,4206,814,0,14,16362,4070,2676,130,148,958,668,9830,0,4820,34168,0,12,8,0,87792
MA,2015,2660,6732,272,4430,952,0,12,16954,4786,3018,156,144,1138,656,9522,0,5410,36124,0,2,2,0,92970
MA,2016,2984,6684,328,4494,912,0,8,17376,4904,2890,242,142,1252,666,9550,0,5590,36686,0,10,6,0,94724
MA,2017,2848,7580,344,4660,1008,2,10,17970,5430,2842,294,196,1248,664,8774,0,6092,38722,6,14,4,0,98708
MA,2018,2948,7594,308,4870,1126,0,18,17320,5220,2906,272,176,1298,616,8142,0,6550,38328,2,2,4,0,97700
MA,2019,2988,7746,312,5074,1096,2,12,17970,5322,3164,332,138,1346,626,7726,0,6510,39600,0,6,4,0,99974
MT,2006,1354,3246,154,1312,366,2,6,7184,2228,1164,70,84,416,348,5428,0,2750,15518,6,4,0,0,41640
MT,2007,1366,3320,112,1392,374,2,12,7262,2254,1234,28,94,418,320,5098,0,2702,15786,6,0,0,0,41780
MT,2008,1340,3808,132,1594,412,0,12,7580,2460,1348,32,76,534,332,5598,0,2822,17142,0,2,0,0,45224
MT,2009,1446,3594,130,1714,440,0,4,7740,2690,1418,36,104,548,332,5902,0,2918,17304,2,4,2,0,46328
MT,2010,1618,3948,146,1912,532,4,8,8032,2866,1472,46,100,566,320,5750,0,2952,18482,8,4,0,0,48766
MT,2011,1274,4220,138,2132,554,0,0,7778,2782,1438,40,104,546,374,5660,0,2632,18734,6,8,0,0,48420
MT,2012,1380,4322,222,2010,696,0,2,7826,2886,1514,58,128,630,344,6122,0,2778,18998,2,8,0,0,49926
MT,2013,1368,4504,196,2158,696,0,4,7922,3102,1500,78,134,594,408,6506,0,2840,19684,0,8,0,0,51702
MT,2014,1386,4734,182,2290,608,0,4,7934,3454,1500,50,104,790,456,6794,0,2830,20364,4,4,0,0,53488
MT,2015,1484,4804,194,2344,742,2,2,7972,3620,1586,66,108,794,424,6224,0,2980,20756,0,4,2,0,54108
MT,2016,1592,5090,206,2264,806,0,12,8418,3778,1624,70,136,906,368,6264,0,3098,21668,0,6,4,0,56310
MT,2017,1488,5222,166,2712,866,0,0,8602,3352,1722,80,122,1030,404,6110,0,2908,22860,0,0,0,0,57644
MT,2018,1660,5384,198,2678,832,0,10,8890,3656,1764,102,158,1226,420,5974,0,3124,23528,0,0,2,0,59606
MT,2019,1654,5600,210,2542,1006,0,4,8824,3860,1720,100,178,1328,418,5760,0,3442,23940,0,4,4,0,60594
PA,2006,3166,5516,304,2420,676,6,10,10682,4444,2240,114,196,626,776,8476,0,7504,24874,40,8,0,0,72078
PA,2007,3236,5894,294,2726,668,8,6,12152,5114,2312,142,192,828,768,8812,0,7520,27498,20,4,2,0,78196
PA,2008,3348,6498,322,2966,694,8,6,12920,4928,2422,136,208,792,828,10480,0,7490,29442,10,4,4,0,83506
PA,2009,3366,6536,336,3390,742,4,14,13566,5436,2492,144,150,1002,760,10396,0,7636,30846,24,4,6,0,86850
PA,2010,3394,6636,348,3504,716,4,4,13664,5522,2612,146,200,1042,784,12308,0,7946,31572,36,6,10,0,90454
PA,2011,3522,7256,322,4242,778,2,8,14562,5566,2588,182,180,1206,786,11502,0,8058,34018,30,2,6,0,94816
PA,2012,3560,7704,340,4160,914,4,10,15190,6286,2876,184,182,1162,790,12436,0,7480,35510,22,2,0,0,98812
PA,2013,3702,7898,362,4560,942,2,6,15536,6896,3106,200,146,1120,854,13082,0,7688,36868,4,6,4,0,102982
PA,2014,3848,8620,388,5012,874,2,16,16450,6804,3246,174,196,1446,834,13416,0,7744,39512,2,4,8,0,108596
PA,2015,3888,9222,392,5392,1208,4,14,17428,7544,3268,272,240,1554,762,13780,0,8100,42258,8,2,6,0,115342
PA,2016,4030,9420,392,5196,1200,0,16,17862,7718,3406,278,246,1740,832,14894,0,8192,42878,4,2,4,0,118310
PA,2017,3888,9864,434,5714,1380,2,12,18600,8216,3518,370,282,1846,968,15470,0,8652,45670,6,6,0,0,124898
PA,2018,4202,10070,378,5696,1320,2,16,18916,8864,3394,338,292,2014,928,15206,0,9086,45970,8,16,10,0,126726
PA,2019,4270,10346,426,5738,1448,4,6,19166,9094,3632,380,276,2110,932,13046,0,9244,47184,8,6,14,0,127330
RO,2006,568,1304,74,626,132,0,0,2988,1008,480,12,12,166,146,2760,0,1386,6400,18,2,0,0,18082
RO,2007,570,1326,64,604,144,0,2,2738,854,506,16,34,216,154,2186,0,1298,6192,16,2,0,0,16922
RO,2008,640,1496,60,928,166,0,0,2970,836,458,8,24,254,220,2594,0,1282,7030,14,2,0,0,18982
RO,2009,548,1606,48,782,212,0,2,3336,1156,560,36,36,274,212,2864,0,1306,7660,20,0,0,0,20658
RO,2010,750,1558,80,826,198,0,0,3340,1286,518,20,38,304,188,3056,0,1456,7770,12,4,0,0,21404
RO,2011,654,1594,52,900,206,0,2,3356,1288,574,18,34,316,196,2784,0,1232,7932,10,2,0,0,21150
RO,2012,700,1768,60,942,278,0,4,3658,1474,666,34,30,312,208,3140,0,1350,8604,10,2,2,0,23242
RO,2013,728,1964,86,940,250,0,0,3728,1408,650,30,58,408,200,2790,0,1338,8920,6,0,0,0,23504
RO,2014,662,2202,60,870,258,2,0,3728,1516,648,46,52,380,188,2918,0,1354,9068,8,0,2,0,23962
RO,2015,694,2262,84,928,318,0,2,3882,1552,690,36,34,530,192,3024,0,1384,9612,2,4,0,0,25230
RO,2016,804,2498,76,1038,314,2,4,3902,1646,758,28,56,546,254,3118,0,1382,10236,8,2,0,0,26672
RO,2017,810,2530,74,1098,382,6,2,3956,1708,706,28,38,490,216,2920,0,1482,10380,6,0,0,0,26832
RO,2018,792,2660,66,984,386,2,2,4176,1762,658,20,42,532,218,2532,0,1396,10552,6,2,2,0,26790
RO,2019,684,2948,66,1148,410,2,4,3962,1818,708,34,52,520,160,2552,0,1500,10880,2,4,2,0,27456
RR,2006,198,380,22,172,30,0,0,598,276,122,10,16,38,70,674,0,430,1498,4,0,0,0,4538
RR,2007,156,380,10,196,36,0,0,544,214,162,4,18,50,66,774,0,350,1498,2,0,0,0,4460
RR,2008,186,352,16,172,46,0,0,658,260,134,12,10,62,76,680,0,378,1604,2,0,0,0,4648
RR,2009,200,408,14,228,30,0,0,566,232,150,8,10,72,40,712,0,396,1580,10,2,0,0,4658
RR,2010,202,426,20,226,58,0,0,672,280,168,16,6,74,56,748,0,366,1776,6,0,0,0,5100
RR,2011,174,416,8,270,46,0,0,742,240,128,8,14,88,52,702,0,358,1794,0,4,0,0,5044
RR,2012,160,460,12,300,82,0,0,696,322,116,20,2,44,54,888,0,332,1818,4,10,0,0,5320
RR,2013,224,460,18,296,54,0,0,744,358,148,22,14,68,56,1014,0,414,1920,6,0,0,0,5816
RR,2014,180,518,18,332,62,0,0,760,372,188,28,20,70,66,890,0,410,2126,4,0,0,0,6044
RR,2015,180,516,14,342,72,0,0,824,342,204,16,14,88,72,1096,0,382,2224,4,2,0,0,6392
RR,2016,238,544,8,410,80,0,0,802,442,140,10,14,106,80,948,0,524,2328,0,0,0,0,6674
RR,2017,196,684,18,432,80,0,4,1032,352,250,32,14,134,98,1206,0,500,2880,4,0,0,0,7916
RR,2018,292,706,30,410,124,0,0,1142,488,194,20,24,138,134,1408,0,730,3030,12,0,0,0,8882
RR,2019,258,790,22,382,154,0,0,1192,476,222,70,34,154,130,1180,0,592,3312,12,0,2,0,8982
TO,2006,544,1294,50,682,152,0,2,3506,828,518,6,32,158,128,1770,0,1330,6834,0,2,0,0,17836
TO,2007,572,1366,44,676,160,0,4,3778,876,500,14,30,186,166,1930,0,1234,7308,2,0,0,0,18846
TO,2008,586,1326,52,812,160,2,0,3884,844,568,10,24,256,120,1944,0,1236,7674,0,0,0,0,19498
TO,2009,464,1618,46,834,176,2,0,3878,936,562,22,30,186,150,2114,0,1176,7976,0,0,0,0,20170
TO,2010,550,1670,78,976,240,0,4,4186,970,724,22,28,208,152,2376,0,1262,8752,0,4,2,0,22204
TO,2011,554,1774,70,1050,236,0,0,4220,1016,654,22,34,206,150,2478,0,1256,8928,2,4,0,0,22654
TO,2012,436,1934,66,932,254,0,0,4070,1036,744,28,30,196,180,2560,0,1048,8942,0,0,0,0,22456
TO,2013,554,1816,64,964,260,2,2,4236,1196,680,42,50,242,154,2548,0,1146,9110,0,2,0,0,23068
TO,2014,452,2022,76,1020,302,0,0,4302,1192,760,42,42,232,148,2608,0,1028,9590,0,0,2,0,23818
TO,2015,512,1982,70,1178,336,0,0,4380,1280,690,20,40,226,192,2808,0,1232,9738,0,2,0,0,24686
TO,2016,448,2040,54,1208,284,0,2,4564,1072,762,46,56,282,180,3094,0,1070,10172,0,0,0,0,25334
TO,2017,542,2240,58,1422,316,0,4,4962,1132,734,48,60,332,194,3190,0,1200,11140,0,0,0,0,27574
TO,2018,496,2214,60,1276,300,0,0,4518,1306,800,28,32,406,208,2928,0,1188,10652,0,2,0,0,26414
TO,2019,462,2244,118,1404,434,0,6,4674,1448,810,28,46,368,194,2772,0,1100,11120,0,0,0,0,27228
